{
  "adminLogin": {
    "title": "Auto Login",
    "name": "adminLogin",
    "description": "Login saves time while logging in to our wordpress or old template sites. Just set up your credentials on the User Credentials Page.",
    "type": "button"
  },
  "comboVideoUpgrade": {
    "title": "Video Upgrader",
    "name": "comboVideoUpgrade",
    "description": "Replaces old Silent Animation and Human Touch Video code with the new shortcode option.",
    "type": "button"
  },
  "mapFix": {
    "title": "Map Fix",
    "name": "mapFix",
    "description": "Strips out old broken map code and replaces it with the [MAP] shortcode.",
    "type": "button"
  },
  "ulFix": {
    "title": "Fix Lists",
    "name": "ulFix",
    "description": "Removes &amp;#13; from the source code to prevent lists from breaking.",
    "type": "button"
  },
  "copyInfo": {
    "title": "Copy Info",
    "name": "copyInfo",
    "description": "Copies Information from old template sites. Useless without Paste Info.",
    "type": "button"
  },
  "pasteInfo": {
    "title": "Paste Info",
    "name": "pasteInfo",
    "description": "Pastes information previously copied with Copy Info. Useless without Copy Info.",
    "type": "button"
  },
  "purgeCustomStyles": {
    "title": "Purge Custom Styles",
    "name": "purgeCustomStyles",
    "description": "Purge the custom css generated through the design options.",
    "type": "button"
  },
  "themeInfo": {
    "title": "Theme Info",
    "name": "themeInfo",
    "description": "Returns the theme directory of the current page.",
    "type": "status"
  },
  "dnsLookup": {
    "title": "DNS Lookup",
    "name": "dnsLookup",
    "description": "Returns dns information for the current site. Similar to dnsStuff",
    "type": "tool"
  },
  "liveWidgetView": {
    "title": "Live Widget View",
    "name": "liveWidgetView",
    "description": "Loads into the live widget view for a wordpress site.",
    "type": "button"
  },
  "exportDesignOptions": {
    "title": "Export: Design Options",
    "name": "exportDesignOptions",
    "description": "Export serialized design options.",
    "type": "button"
  },
  "exportFrontPageLayout": {
    "title": "Export: FP Layout",
    "name": "exportFrontPageLayout",
    "description": "Export serialized front page layout.",
    "type": "button"
  },
  "seoReportSig": {
    "title": "Sign SEO Report",
    "name": "seoReportSig",
    "description": "Close out an SEO report with title, checked boxes, and signature",
    "type": "button"
  }
}